City,State,Population,Latitude,Longitude,City,State,Population,Latitude,Longitude,City,State,Population,Latitude,Longitude,City,State,Population,Latitude,Longitude
City,State,Population,Latitude,Longitude,City,State,Population,Latitude,Longitude,City,State,Population,Latitude,Longitude,City,State,Population,Latitude,Longitude
City,State,Population,Latitude,Longitude,City,State,Population,Latitude,Longitude,City,State,Population,Latitude,Longitude,City,State,Population,Latitude,Longitude
City,State,Population,Latitude,Longitude,City,State,Population,Latitude,Longitude,City,State,Population,Latitude,Longitude,City,State,Population,Latitude,Longitude
City,State,Population,Latitude,Longitude,City,State,Population,Latitude,Longitude,City,State,Population,Latitude,Longitude,City,State,Population,Latitude,Longitude
City,State,Population,Latitude,Longitude,City,State,Population,Latitude,Longitude,City,State,Population,Latitude,Longitude,City,State,Population,Latitude,Longitude
City,State,Population,Latitude,Longitude,City,State,Population,Latitude,Longitude,City,State,Population,Latitude,Longitude,City,State,Population,Latitude,Longitude
City,State,Population,Latitude,Longitude,City,State,Population,Latitude,Longitude,City,State,Population,Latitude,Longitude,City,State,Population,Latitude,Longitude
City,State,Population,Latitude,Longitude,City,State,Population,Latitude,Longitude,City,State,Population,Latitude,Longitude,City,State,Population,Latitude,Longitude
City,State,Population,Latitude,Longitude,City,State,Population,Latitude,Longitude,City,State,Population,Latitude,Longitude,City,State,Population,Latitude,Longitude
City,State,Population,Latitude,Longitude,City,State,Population,Latitude,Longitude,City,State,Population,Latitude,Longitude,City,State,Population,Latitude,Longitude
City,State,Population,Latitude,Longitude,City,State,Population,Latitude,Longitude,City,State,Population,Latitude,Longitude,City,State,Population,Latitude,Longitude
City,State,Population,Latitude,Longitude,City,State,Population,Latitude,Longitude,City,State,Population,Latitude,Longitude,City,State,Population,Latitude,Longitude
City,State,Population,Latitude,Longitude,City,State,Population,Latitude,Longitude,City,State,Population,Latitude,Longitude,City,State,Population,Latitude,Longitude
City,State,Population,Latitude,Longitude,City,State,Population,Latitude,Longitude,City,State,Population,Latitude,Longitude,City,State,Population,Latitude,Longitude
City,State,Population,Latitude,Longitude,City,State,Population,Latitude,Longitude,City,State,Population,Latitude,Longitude,City,State,Population,Latitude,Longitude
City,State,Population,Latitude,Longitude,City,State,Population,Latitude,Longitude,City,State,Population,Latitude,Longitude,City,State,Population,Latitude,Longitude
City,State,Population,Latitude,Longitude,City,State,Population,Latitude,Longitude,City,State,Population,Latitude,Longitude,City,State,Population,Latitude,Longitude
City,State,Population,Latitude,Longitude,City,State,Population,Latitude,Longitude,City,State,Population,Latitude,Longitude,City,State,Population,Latitude,Longitude
City,State,Population,Latitude,Longitude,City,State,Population,Latitude,Longitude,City,State,Population,Latitude,Longitude,City,State,Population,Latitude,Longitude
City,State,Population,Latitude,Longitude,City,State,Population,Latitude,Longitude,City,State,Population,Latitude,Longitude,City,State,Population,Latitude,Longitude
City,State,Population,Latitude,Longitude,City,State,Population,Latitude,Longitude,City,State,Population,Latitude,Longitude,City,State,Population,Latitude,Longitude
City,State,Population,Latitude,Longitude,City,State,Population,Latitude,Longitude,City,State,Population,Latitude,Longitude,City,State,Population,Latitude,Longitude
City,State,Population,Latitude,Longitude,City,State,Population,Latitude,Longitude,City,State,Population,Latitude,Longitude,City,State,Population,Latitude,Longitude
City,State,Population,Latitude,Longitude,City,State,Population,Latitude,Longitude,City,State,Population,Latitude,Longitude,City,State,Population,Latitude,Longitude
City,State,Population,Latitude,Longitude,City,State,Population,Latitude,Longitude,City,State,Population,Latitude,Longitude,City,State,Population,Latitude,Longitude
City,State,Population,Latitude,Longitude,City,State,Population,Latitude,Longitude,City,State,Population,Latitude,Longitude,City,State,Population,Latitude,Longitude
City,State,Population,Latitude,Longitude,City,State,Population,Latitude,Longitude,City,State,Population,Latitude,Longitude,City,State,Population,Latitude,Longitude
City,State,Population,Latitude,Longitude,City,State,Population,Latitude,Longitude,City,State,Population,Latitude,Longitude,City,State,Population,Latitude,Longitude
City,State,Population,Latitude,Longitude,City,State,Population,Latitude,Longitude,City,State,Population,Latitude,Longitude,City,State,Population,Latitude,Longitude
City,State,Population,Latitude,Longitude,City,State,Population,Latitude,Longitude,City,State,Population,Latitude,Longitude,City,State,Population,Latitude,Longitude
City,State,Population,Latitude,Longitude,City,State,Population,Latitude,Longitude,City,State,Population,Latitude,Longitude,City,State,Population,Latitude,Longitude
City,State,Population,Latitude,Longitude,City,State,Population,Latitude,Longitude,City,State,Population,Latitude,Longitude,City,State,Population,Latitude,Longitude
City,State,Population,Latitude,Longitude,City,State,Population,Latitude,Longitude,City,State,Population,Latitude,Longitude,City,State,Population,Latitude,Longitude
City,State,Population,Latitude,Longitude,City,State,Population,Latitude,Longitude,City,State,Population,Latitude,Longitude,City,State,Population,Latitude,Longitude
City,State,Population,Latitude,Longitude,City,State,Population,Latitude,Longitude,City,State,Population,Latitude,Longitude,City,State,Population,Latitude,Longitude